[
    {
        "id": "human",
        "name": "人类",
        "description": "检测不出猪元素，是人类吗？",
        "analysis": "你拥有人类的思维和情感，保持着理性和智慧。不过有时候适当放松一下，学学猪的简单快乐也不错哦！"
    },
    {
        "id": "pig",
        "name": "猪",
        "description": "普通小猪",
        "analysis": "你性格温和，喜欢简单的生活，容易满足。在别人眼中可能有些慵懒，但你知道如何享受生活的美好。"
    },
    {
        "id": "black-pig",
        "name": "小黑猪",
        "description": "小黑猪，卤出猪脚了",
        "analysis": "你有着独特的魅力，外表低调但内心丰富。黑色象征着神秘和深度，你的性格也像一本值得细细品味的书。"
    },
    {
        "id": "wild-boar",
        "name": "野猪",
        "description": "你是一只勇猛的野猪！",
        "analysis": "你性格刚强，充满活力和冒险精神。遇到困难从不轻易退缩，有着坚韧不拔的意志和强大的生存能力。"
    },
    {
        "id": "zhuge-liang",
        "name": "猪葛亮",
        "description": "猪里最聪明的一个",
        "analysis": "你聪明绝顶，机智过人，有着非凡的智慧和谋略。在关键时刻总能想出解决问题的办法，是大家眼中的智多星。"
    },
    {
        "id": "pig-stamp",
        "name": "猪圆章",
        "description": "《猪圈那些事》",
        "analysis": "你做事认真负责，注重细节，有着强烈的责任感。你的存在让周围的一切都变得更加有序和可靠。"
    },
    {
        "id": "zombie-pig",
        "name": "僵尸猪",
        "description": "喜欢的食物是猪脑",
        "analysis": "你有着独特的个性和思维方式，常常让人捉摸不透。你的创造力和想象力丰富，总能带来意想不到的惊喜。"
    },
    {
        "id": "skeleton-pig",
        "name": "骷髅猪",
        "description": "资深不死族",
        "analysis": "你外表看起来有些冷酷，但内心温暖。你有着独特的审美和品味，喜欢追求个性和与众不同。"
    },
    {
        "id": "pig-human",
        "name": "猪人",
        "description": "你是猪还是人？",
        "analysis": "你兼具猪的可爱和人的智慧，能够在不同的环境中灵活适应。你有着丰富的情感和复杂的内心世界。"
    },
    {
        "id": "demon-pig",
        "name": "恶魔猪",
        "description": "满肚子坏心眼",
        "analysis": "你活泼好动，喜欢恶作剧，充满了恶作剧的精神。虽然有时候会让人头疼，但你的活力和幽默感也给周围带来了很多欢乐。"
    },
    {
        "id": "heaven-pig",
        "name": "天堂猪",
        "description": "似了喵~",
        "analysis": "你性格善良，心灵纯洁，总是愿意帮助他人。你的存在就像阳光一样温暖，给周围的人带来希望和力量。"
    },
    {
        "id": "explosive-pig",
        "name": "爆破小猪",
        "description": "我跟你爆了！",
        "analysis": "你精力充沛，热情似火，有着强烈的感染力。你的出现总能点燃周围的气氛，让一切变得更加活跃和有趣。"
    },
    {
        "id": "black-white-pig",
        "name": "黑白猪",
        "description": "串子",
        "analysis": "你有着矛盾而统一的性格，既有着严肃认真的一面，也有着活泼可爱的一面。你追求平衡和和谐，善于在不同的场合展现不同的自己。"
    },
    {
        "id": "pork-skewer",
        "name": "猪肉串",
        "description": "真正的串子",
        "analysis": "你性格开朗，善于与人交往，有着很强的亲和力。你就像美食一样，能够带给人满足和快乐，是大家都喜欢的对象。"
    },
    {
        "id": "magic-pig",
        "name": "魔法少猪",
        "description": "马猪烧酒",
        "analysis": "你有着丰富的想象力和创造力，总是能够带给人惊喜和新鲜感。你的想法独特而有趣，常常能够启发他人的思维。"
    },
    {
        "id": "mechanical-pig",
        "name": "机械猪",
        "description": "人机",
        "analysis": "你思维逻辑清晰，做事有条理，有着很强的分析和解决问题的能力。你喜欢追求效率和完美，是一个可靠的合作伙伴。"
    },
    {
        "id": "pig-ball",
        "name": "猪猪球",
        "description": "滚了",
        "analysis": "你性格活泼好动，充满了青春活力，喜欢运动和挑战。你有着很强的适应能力，能够在不同的环境中保持积极向上的态度。"
    },
    {
        "id": "doll-pig",
        "name": "玩偶猪",
        "description": "fufu小猪",
        "analysis": "你外表可爱，性格温柔，让人忍不住想要亲近和保护。你有着很强的治愈能力，能够带给人安慰和温暖。"
    },
    {
        "id": "soul-pig",
        "name": "灵魂猪",
        "description": "从冥界归来的猪",
        "analysis": "你有着丰富的内心世界和深刻的思想，喜欢思考人生的意义和价值。你追求精神上的满足和成长，是一个有深度的人。"
    },
    {
        "id": "crystal-pig",
        "name": "水晶猪",
        "description": "珍贵又脆弱的小猪",
        "analysis": "你有着纯洁透明的心灵和高雅的气质，就像水晶一样美丽而珍贵。你追求真善美，有着很高的道德标准和审美情趣。"
    },
    {
        "id": "snow-pig",
        "name": "雪猪",
        "description": "洁白的雪猪",
        "analysis": "你性格纯真，心灵洁净，就像雪一样洁白无瑕。你有着独特的魅力和气质，让人忍不住想要接近和了解。"
    },
    {
        "id": "pig-cat",
        "name": "猪咪",
        "description": "你是一只可爱的猪咪！",
        "analysis": "你兼具猪的可爱和猫的优雅，有着独特的魅力和个性。你既喜欢享受生活的美好，也有着自己的独立思想和主张。"
    },
    {
        "id": "landmine-pig",
        "name": "滴泪猪",
        "description": "喝完这箱就没事了",
        "analysis": "外表温柔无害，内心情绪细腻浓烈。感情专一却略显沉重，让人想靠近又怕触碰，是可爱又危险的小地雷。"
    },
    {
        "id": "rainbow-pig",
        "name": "大色猪",
        "description": "斯图亚特·彩虹猪",
        "analysis": "像行走的彩虹，存在感强烈又热情直接。你坦率追求美好事物，偶尔显得太热情，但是真诚又有魅力。"
    },
    {
        "id": "big-lazy-pig",
        "name": "大懒猪",
        "description": "能躺着绝不坐着",
        "analysis": "天生享乐派，追求极致舒适。性格随和不爱压力，总能迅速找到最舒服的位置并安心躺平。"
    },
    {
        "id": "pig-turtle",
        "name": "猪龟",
        "description": "习惯了就好",
        "analysis": "你总是背负着沉重的外壳，习惯于在感情中被动退让。为了维持表面的和平，你选择压抑自我，把委屈忍在壳里，却逐渐失去了独立的棱角。"
    },
    {
        "id": "roasted-pig",
        "name": "烤猪",
        "description": "生活终于对我下手了",
        "analysis": "你正处于猪生的“烧烤模式”，承受着来自各方的压力和考验。虽然眼下备受煎熬，但这正是你不惧困难，完成蜕变、变得更加成熟坚韧的过程。"
    },
    {
        "id": "bacon",
        "name": "培根",
        "description": "煎熬出精华",
        "analysis": "你历经锤炼，此刻正处于生活的“煎熬”中。但这正是你释放价值的高光时刻，越是磨砺，你越能散发出不可抗拒的成熟魅力与“真香”实力。"
    },
    {
        "id": "apple-pig",
        "name": "苹果猪",
        "description": "贵就是好",
        "analysis": "你追求精致与品位，享受他人羡慕的目光，却偶尔也会在一堆光鲜亮丽的物质中，感到一丝难以言说的空虚与焦虑。"
    },
    {
        "id": "android-pig",
        "name": "安卓猪",
        "description": "自由开放，不被定义",
        "analysis": "你务实接地气，不被华丽标签束缚。比起外在虚荣，你更看重内在的实用与自由，性格包容随和，活得真实自在。"
    },
    {
        "id": "pig-bun",
        "name": "猪包",
        "description": "外软内热，馅料满满",
        "analysis": "你外表软萌可爱，给人一种温暖的治愈感。就像一个热气腾腾的包子，你的内心藏着丰富的真材实料，善良又真诚，让人忍不住想要靠近。"
    },
    {
        "id": "taxi-pig",
        "name": "出猪车",
        "description": "生活所迫，使命必达",
        "analysis": "你是勤劳的“打工人”，每天在城市里奔波。生活虽然忙碌，但你总能可靠地将每一位乘客送达目的地。你的方向盘里，握着的是对生活的责任与担当。"
    },
    {
        "id": "pig-die",
        "name": "猪骰",
        "description": "智商随机摇",
        "analysis": "你外表方正，有时却是个不懂变通的可爱“猪头”。做决定像掷骰子般随性，比起思考更信运气。这份憨直，恰恰是你讨喜的地方。"
    },
    {
        "id": "watermelon-pig",
        "name": "西瓜猪",
        "description": "站在甜蜜巅峰",
        "analysis": "你懂得享受当下的甜蜜，就像稳稳踩在西瓜上。面对生活的波动，你总能凭乐观心态维持平衡，做一个知足常乐的“吃瓜群众”。"
    },
    {
        "id": "pig-souffle",
        "name": "猪芙蕾",
        "description": "需要轻拿轻放的小甜心",
        "analysis": "你性格如舒芙蕾般柔软细腻，自带甜美治愈气息。虽然外表软萌，但内心敏感脆弱，需要被温柔呵护，稍不注意可能就会“塌陷”哦。"
    },
    {
        "id": "goblin-pig",
        "name": "猪布林",
        "description": "猪布林模式开启",
        "analysis": "不再在乎外界眼光。你选择随性甚至邋遢地活着，躲在角落里摆烂，享受着不被世俗束缚的另类自在。"
    },
    {
        "id": "chained_crown_pig",
        "name": "被束缚的猪王",
        "description": "欲戴王冠，必承其重",
        "analysis": "你有着高贵的灵魂，却被现实深深束缚。虽身处困境，但你从未放弃对自由的渴望与挣扎。"
    },
    {
        "id": "vangogh_pig",
        "name": "梵高猪",
        "description": "星夜里的金色印象",
        "analysis": "你内心如梵高笔下的火焰般热烈，情感丰富且深沉。虽然你的世界有时像星空漩涡般复杂，但你那独特的艺术气质和对生活的热爱是无法掩盖的。"
    },
    {
        "id": "tangyuan_pig",
        "name": "黑猪麻汤圆",
        "description": "泡在甜蜜的暖汤里",
        "analysis": "你性格软糯甜美，自带治愈气场。外表看似简单，内心却藏着丰富细腻的情感，是给大家带来温暖的小太阳。"
    },
    {
        "id": "mc_porkchop",
        "name": "猪排",
        "description": "建议烤熟食用",
        "analysis": "充满危机的世界里，你深知比起花哨的外表，实实在在恢复的那几格饥饿值才是最靠谱的保障。"
    },
    {
        "id": "pig_god",
        "name": "智慧小猪之神",
        "description": "能带来智慧和好运的神奇小猪。",
        "analysis": "你拥有超凡的智慧和乐于助人的心。虽然看起来可爱呆萌，但你总能在关键时刻给予指引，是猪的守护神，象征着幸运和成功。"
    },
    {
        "id": "tank_pig",
        "name": "坦克猪",
        "description": "等待驾驶的重装小猪",
        "analysis": "你拥有呆萌外表和钢铁之心。平时或许处于“待机”状态，看起来有些慵懒，但只要找对启动方式（按F），你就能化身坚不可摧的堡垒，碾压一切困难。"
    },
    {
        "id": "lao_zhu_li",
        "name": "老猪历",
        "description": "资深有经验的猪前辈",
        "analysis": "你拥有深厚的资历和丰富的经验。在大家眼中，你德高望重，遇事沉稳，总能用积累的智慧指引方向，是值得信赖的可靠前辈。"
    },
    {
        "id": "invisible_pig",
        "name": "隐形猪",
        "description": "擅长隐身的神秘小猪",
        "analysis": "你自带低调气场，擅长隐藏行踪。在人群中你虽不显眼，但总能默默观察一切，像个神秘的旁观者，拥有独特的洞察力。"
    }
]